,0
0,https://mp.weixin.qq.com/s/YeBDsmjoGGUk4x8GcknE_Q
1,https://mp.weixin.qq.com/s/NgVs3WaxLn4gErwEjJWSMw
2,https://mp.weixin.qq.com/s/oMM7kY6sk29kXYE_NyqfWQ
3,https://mp.weixin.qq.com/s/0HvK1Md1pz1rK3Y3dbusAQ
4,https://mp.weixin.qq.com/s/n1DaDYlP_CoejJ1aKtAyrw
5,https://mp.weixin.qq.com/s/pf-ISKMDqKwnItqQfVV5FQ
6,https://mp.weixin.qq.com/s/qp896YSiMMH934gm09LaQA
7,https://mp.weixin.qq.com/s/vLLFWKXKGM3mzuS2RyXTig
8,https://mp.weixin.qq.com/s/dcPwb6Md2Filnkv8lRG-8g
9,https://mp.weixin.qq.com/s/tH9vP_5Xi5IjbwVh-ZHnnA
10,https://mp.weixin.qq.com/s/ebSYvAXoI8K6xQFErgyq4g
11,https://mp.weixin.qq.com/s/9vI40yS4VILYLW8EB-u8tA
12,https://mp.weixin.qq.com/s/NUSIHrZuvVUbjZBY7c2nig
13,https://mp.weixin.qq.com/s/ObvjIgPMKKL5iAoTtm-U7Q
14,https://mp.weixin.qq.com/s/rAN8qAEMRdlTjx-NNZHhbw
15,https://mp.weixin.qq.com/s/M6uQMnE3HTLysTd8asMFug
16,https://app.cnchu.com/index.php/?m=content&c=index&a=show&catid=1&id=20870
17,https://mp.weixin.qq.com/s/B_bazUZ9hGT4H0jQfFGTIA
18,https://mp.weixin.qq.com/s/6SlwL-My3-Gzug438Efvjg
