0,https://mp.weixin.qq.com/s/N76fZ6R4zeiB6Zqa3TYaxg
1,http://www.gz.gov.cn/zt/qlyfdyyqfkyz/qktb/content/mpost_5650490.html
2,http://wjw.gz.gov.cn/ztzl/xxfyyqfk/yqtb/content/post_5650395.html
3,https://mp.weixin.qq.com/s/KkYpkD4oV997_ZPNRa0vHg
4,http://wjw.sz.gov.cn/yqxx/202002/t20200203_18996658.htm
5,https://mp.weixin.qq.com/s/AZnrdhDgVfn97M0c70VsPQ
6,https://mp.weixin.qq.com/s/QxB_8cidgtnMyYPLYRhuiA
7,https://m.mp.oeeee.com/a/BAAFRD000020200202256893.html
8,https://mp.weixin.qq.com/s/VnxpNxpR_9C68QcaLM0Hcg
9,https://mp.weixin.qq.com/s/ZUlkntZnC4B7Up6RUuTc_A
10,https://m.mp.oeeee.com/a/BAAFRD000020200204258006.html
11,https://m.mp.oeeee.com/a/BAAFRD000020200205258595.html
12,https://m.mp.oeeee.com/a/BAAFRD000020200203257425.html
13,https://m.mp.oeeee.com/a/BAAFRD000020200131256329.html
14,https://mp.weixin.qq.com/s/niO2D4Y69Z9A_jSQ05fWVw
15,https://m.mp.oeeee.com/a/BAAFRD000020200205258804.html
16,https://mp.weixin.qq.com/s/ImcoQdy9mq5XDbeFW_77ig
17,https://mp.weixin.qq.com/s/NzxO4EDvIgv2uf34rtRogQ
18,https://mp.weixin.qq.com/s/dmH5ZJzGZpbipMwArjR0ew
19,https://m.mp.oeeee.com/a/BAAFRD000020200203257453.html?from=singlemessage
20,https://m.mp.oeeee.com/a/BAAFRD000020200205258552.html
21,https://m.mp.oeeee.com/a/BAAFRD000020200204257986.html
22,https://m.mp.oeeee.com/a/BAAFRD000020200204258006.html?from=singlemessage
23,https://www.meizhou.gov.cn/zwgk/zfjg/swsjkj/zfxxgkml/gzdt/content/mpost_1961826.html
24,https://mp.weixin.qq.com/s/HcxhAR_zyM42nRwYEPYPJQ
25,https://mp.weixin.qq.com/s/38A4EVm7Z8vgTgjzgQ2MeA
26,https://mp.weixin.qq.com/s/qfgTktPEryCYGlVfiOOSxg
27,https://mp.weixin.qq.com/s/Fb_mE4aL_anvVCxUbnR8OQ
28,https://mp.weixin.qq.com/s/95NXnHRnYzEBJEuiYxlp5Q
29,https://mp.weixin.qq.com/s/5VPghOXvdzGCxxZ5pZ65wg
30,https://mp.weixin.qq.com/s/o7hxc0RTqyeOCeVSg4j6xA
31,https://m.mp.oeeee.com/a/BAAFRD000020200204257969.html
32,https://m.mp.oeeee.com/a/BAAFRD000020200204258381.html
33,https://m.mp.oeeee.com/a/BAAFRD000020200203257514.html?layer=4&share=chat&isndappinstalled=13
34,https://m.mp.oeeee.com/a/BAAFRD000020200203257514.html?layer=4&share=chat&isndappinstalled=11
35,https://m.mp.oeeee.com/a/BAAFRD000020200203257514.html?layer=4&share=chat&isndappinstalled=10
36,https://m.mp.oeeee.com/a/BAAFRD000020200203257514.html?layer=4&share=chat&isndappinstalled=9
37,https://m.mp.oeeee.com/a/BAAFRD000020200203257514.html?layer=4&share=chat&isndappinstalled=8
38,https://m.mp.oeeee.com/a/BAAFRD000020200203257514.html?layer=4&share=chat&isndappinstalled=7
39,https://m.mp.oeeee.com/a/BAAFRD000020200203257514.html?layer=4&share=chat&isndappinstalled=6
40,https://m.mp.oeeee.com/a/BAAFRD000020200203257514.html?layer=4&share=chat&isndappinstalled=5
41,https://m.mp.oeeee.com/a/BAAFRD000020200203257514.html?layer=4&share=chat&isndappinstalled=3
42,https://m.mp.oeeee.com/a/BAAFRD000020200203257514.html?layer=4&share=chat&isndappinstalled=2
43,https://m.mp.oeeee.com/a/BAAFRD000020200203257514.html?layer=4&share=chat&isndappinstalled=1
44,https://m.mp.oeeee.com/a/BAAFRD000020200203257514.html?layer=4&share=chat&isndappinstalled=0
45,https://m.mp.oeeee.com/a/BAAFRD000020200201256591.html?layer=3&share=chat&isndappinstalled=0
46,https://m.mp.oeeee.com/a/BAAFRD000020200131256384.html
47,https://m.mp.oeeee.com/a/BAAFRD000020200130255837.html?layer=2&share=chat&isndappinstalled=0
48,https://m.mp.oeeee.com/a/BAAFRD000020200205258549.html?from=singlemessage&isappinstalled=0
49,https://m.mp.oeeee.com/a/BAAFRD000020200130255474.html
50,https://mp.weixin.qq.com/s/PP0Ae7iEqCdUTjgNfCvqCA
51,https://m.mp.oeeee.com/a/BAAFRD000020200204258092.html?layer=2&share=chat&isndappinstalled=0
52,https://m.mp.oeeee.com/a/BAAFRD000020200205258622.html
53,https://mp.weixin.qq.com/s/4z6VMsRUUlQFhxdX65dGeg
54,https://m.mp.oeeee.com/a/BAAFRD000020200205258967.html
55,https://mp.weixin.qq.com/s/eiEGjqgwS1aD473ux2_5-g
56,http://wjw.gz.gov.cn/ztzl/xxfyyqfk/yqtb/content/post_5652045.html
57,https://mp.weixin.qq.com/s/e-amp6o98SLDq_lWixvHXQ
58,https://mp.weixin.qq.com/s/fCvbNEJExzzEE94c5o0mJg
59,https://m.mp.oeeee.com/a/BAAFRD000020200205258816.html
60,https://m.mp.oeeee.com/a/BAAFRD000020200205258549.html
61,https://mp.weixin.qq.com/s/3yMfjhjDS8rgi4OI4o7MoA
62,https://www.meizhou.gov.cn/zwgk/zfjg/swsjkj/zfxxgkml/gzdt/content/post_1962224.html
63,https://mp.weixin.qq.com/s/8IrwkJ3QFO_QWNvNUEXeBg
64,https://mp.weixin.qq.com/s/az_BM3mznGq6X_L8ffzlGw
65,https://m.mp.oeeee.com/a/BAAFRD000020200205258812.html
66,https://mp.weixin.qq.com/s/QLfdqXGeGMoiDdVn5CR-uA
67,https://mp.weixin.qq.com/s/ed2Kqhl3SM9v84XkNu_kPg
68,https://mp.weixin.qq.com/s/RJLgbJ7EaZMJlbXIOdi1uA
69,https://m.mp.oeeee.com/a/BAAFRD000020200205258617.html
70,https://m.mp.oeeee.com/a/BAAFRD000020200205258863.html
71,https://m.mp.oeeee.com/a/BAAFRD000020200206259154.html
72,https://mp.weixin.qq.com/s/jEj6-XPSjBx4QmbAHPvcaA
73,https://m.mp.oeeee.com/a/BAAFRD000020200206259126.html?layer=2&share=chat&isndappinstalled=0
74,https://m.mp.oeeee.com/a/BAAFRD000020200206259126.html?from=singlemessage
75,https://m.mp.oeeee.com/a/BAAFRD000020200206259165.html
76,https://mp.weixin.qq.com/s/XwNjdNq5T1j_yI4r5o5gTQ
77,https://mp.weixin.qq.com/s/K-sGSnsJxXeBykGxzheZgw
78,https://m.mp.oeeee.com/a/BAAFRD000020200206259435.html?from=groupmessage&isappinstalled=0
79,https://mp.weixin.qq.com/s/d3ON0qecuZkcysq9iBHIag
80,http://www.gaoyao.gov.cn/ztzlyqfk/content/post_1969957.html
81,https://mp.weixin.qq.com/s/58QJRgoIruKKOdvWfKXFBw
82,https://mp.weixin.qq.com/s/C6HaqZrzTVpjx87YYtPdLg
83,https://mp.weixin.qq.com/s/seLEM6utIRjmlJnt1ObSmQ
84,https://mp.weixin.qq.com/s/UBvWAGWqx5upnac0ewUEQg
85,https://mp.weixin.qq.com/s/0l60ZqTHkZ0x9gIJJ_L1GQ
86,https://mp.weixin.qq.com/s?__biz=MzA4MjEzOTQ4Mw==&mid=2650628055&idx=1&sn=67079b69b434704c52c1be7a42f754b8&chksm=8783bfe3b0f436f58d5f7f9714645cc90eba7bea161d08383cb0897a3228ec8aeec61eb7c64f&mpshare=1&scene=1&srcid=&sharer_sharetime=1581135000671&sharer_sh
87,https://mp.weixin.qq.com/s/DJ2wqPqYHw-jyUCs82g3rg
88,https://m.mp.oeeee.com/a/BAAFRD000020200207260189.html
89,https://mp.weixin.qq.com/s/98eYE6zMZSBWQfNqJZbTJA
90,https://mp.weixin.qq.com/s/4-mv1FvXQTyf4TUV4S7R4Q
91,https://mp.weixin.qq.com/s/jUNaWRR69mvaMgpcnAVvVA
92,https://m.mp.oeeee.com/a/BAAFRD000020200208260502.html?layer=2&share=chat&isndappinstalled=0
93,http://www.ahwang.cn/anhui/20200205/1977251.html
94,http://www.bbnews.cn/p/7411.html?spm=zm1143-001.0.0.1.NRj4TT
95,https://weibo.com/3442980450/IsUn2AqiS
96,https://mp.weixin.qq.com/s/3-vaX3qS-ETg624GmC-AmA
97,https://mp.weixin.qq.com/s/0BJBc-qrghs3-g2xzs8Plw
98,https://mp.weixin.qq.com/s/6dcjtAS7H9J-R8MENf8Ygw
99,https://mp.weixin.qq.com/s/5JTDmfTzdGR4HI_u-xqzKQ
100,https://mp.weixin.qq.com/s/Knh2diX1UlX_TrMDYOc-hw
101,https://mp.weixin.qq.com/s/BqLra_DMGKDL84G0dpxGQw
102,http://hfpc.xm.gov.cn/xwzx/tzgg/202002/t20200203_2419523.htm
103,https://mp.weixin.qq.com/s/HwRgxACoC_lTyXFQUF0vHw
104,http://hfpc.xm.gov.cn/xwzx/tzgg/202002/t20200204_2419773.htm
105,https://mp.weixin.qq.com/s/iDWXUYfXgcLSPEiIfgCXIA
106,http://hfpc.xm.gov.cn/xwzx/tzgg/202002/t20200207_2420350.htm
107,https://mp.weixin.qq.com/s/UB-k6tTT9WSSUvzC5k0Hcg
108,https://mp.weixin.qq.com/s/ffl01w2v7mjJSJuMWKrk_A
109,https://mp.weixin.qq.com/s/fhqvnOGxTC3rqgSRz0lVJw
110,https://mp.weixin.qq.com/s/V9Z0__qohABfoY3sgAoefg
111,https://mp.weixin.qq.com/s/4t4rzPDSAosHrQLWcHrjQA
112,https://mp.weixin.qq.com/s/779aA0RshWV9BSQRfhz0Lw
113,https://mp.weixin.qq.com/s/qsbIODI2G57axt9zr86eRg
114,https://mp.weixin.qq.com/s/bDY_tLAOKtfouxq2EisYbw
115,https://mp.weixin.qq.com/s/k9mJHlu11N5bLxS9-QWXWA
116,https://mp.weixin.qq.com/s/LcR9UuoA-NO5Gx3AOYw5cQ
117,https://mp.weixin.qq.com/s/Hs6IpqXoxWCPWX5Rg3YtwA
118,http://www.gzhfpc.gov.cn/xwzx_500663/tzgg/202002/t20200205_47278011.html
119,http://www.gzhfpc.gov.cn/xwzx_500663/zwyw/202002/t20200204_47017878.html
120,https://mp.weixin.qq.com/s/HaPceoGXl2XnSTFTKWMvZA
121,https://mp.weixin.qq.com/s/LiaHguhJbY3lcCW1iFM7Vw
122,https://mp.weixin.qq.com/s/tqhxt5RZhGloGturQtHafQ
123,https://mp.weixin.qq.com/s?__biz=MzA3NDIwODEwMA==&mid=2878778752&idx=4&sn=74c16ce68b252b3c5bc359d36b5d2a6d&chksm=b1614b8b8616c29d6e9541bb533dce0dd068f0e8e71c960bf79a13a0b937e1c397238e5c8cbd&mpshare=1&scene=1&srcid=&sharer_sharetime=1581943522960&sharer_sh
124,http://www.gzhfpc.gov.cn/ztzl_500663/xxgzbdgrdfyyqfk/yqdt/202002/t20200213_48886436.html
125,https://mp.weixin.qq.com/s/Dc6hqrFt1WTJEnxM4XHtBw
126,https://mp.weixin.qq.com/s/gISZhpQ7Y-hmVNvoUn1K1g
127,http://wst.hainan.gov.cn/yqfk/index/index/qianyi.html
128,https://mp.weixin.qq.com/s/aVozwgjJCHKFhJxjcsvu1Q
129,https://mp.weixin.qq.com/s/ZFeDPEwTl11xVXMBjtV_2g
130,https://mp.weixin.qq.com/s/vjaX0yG9GeqvRQ7N-btO_Q
131,https://mp.weixin.qq.com/s?__biz=MzA4NjUyMjMzMA==&mid=2650788921&idx=1&sn=453b3b352e07b8ceda3d21fab1634332&chksm=87cc148cb0bb9d9a6788e15aa0d63ce1488b17263b78e0aa998b5fa6eb440787ecb413d2db27&mpshare=1&scene=1&srcid=&sharer_sharetime=1580972164289&sharer_sh
132,https://mp.weixin.qq.com/s?__biz=MzA4NjUyMjMzMA==&mid=2650788957&idx=1&sn=d86b897d738dab5a2865f1f8593fe542&chksm=87cc14e8b0bb9dfeed22f33081f69742a1b7e04c4674444bba70c2bea233b115d115ada380d9&mpshare=1&scene=1&srcid=&sharer_sharetime=1580975167689&sharer_sh
133,http://www.yandunews.com/html/2020/bingli_0209/8.html
134,https://mp.weixin.qq.com/s?__biz=MzA4NjUyMjMzMA==&mid=2650789284&idx=1&sn=98ff3db390dc1b22dd1b85c0e1841b68&chksm=87cc1511b0bb9c073b60a11bbc9998a54a0ad295e7ad7b6d4a980d4b9d6f4be658357fb302b3&mpshare=1&scene=1&srcid=&sharer_sharetime=1581068168354&sharer_sh
135,https://mp.weixin.qq.com/s?__biz=MzA4NjUyMjMzMA==&mid=2650789511&idx=1&sn=2421038cd68b88d4dc43803f17176b97&chksm=87cc1632b0bb9f2453eb02982848ade9668f6003f60bd1ccca015cba787ed1f8a46e158d0b49&mpshare=1&scene=1&srcid=&sharer_sharetime=1581068189987&sharer_sh
136,http://www.kfwsjsw.gov.cn/news/wsxw/20200205/8407.html
137,https://www.henan100.com/news/2020/905240.shtml
138,https://baijiahao.baidu.com/s?id=1657976152714727373&wfr=spider&for=pc
139,https://mp.weixin.qq.com/s/YeBDsmjoGGUk4x8GcknE_Q
140,https://mp.weixin.qq.com/s/NgVs3WaxLn4gErwEjJWSMw
141,https://mp.weixin.qq.com/s/oMM7kY6sk29kXYE_NyqfWQ
142,https://mp.weixin.qq.com/s/0HvK1Md1pz1rK3Y3dbusAQ
143,https://mp.weixin.qq.com/s/n1DaDYlP_CoejJ1aKtAyrw
144,https://mp.weixin.qq.com/s/pf-ISKMDqKwnItqQfVV5FQ
145,https://mp.weixin.qq.com/s/qp896YSiMMH934gm09LaQA
146,https://mp.weixin.qq.com/s/vLLFWKXKGM3mzuS2RyXTig
147,https://mp.weixin.qq.com/s/dcPwb6Md2Filnkv8lRG-8g
148,https://mp.weixin.qq.com/s/tH9vP_5Xi5IjbwVh-ZHnnA
149,https://mp.weixin.qq.com/s/ebSYvAXoI8K6xQFErgyq4g
150,https://mp.weixin.qq.com/s/9vI40yS4VILYLW8EB-u8tA
151,https://mp.weixin.qq.com/s/NUSIHrZuvVUbjZBY7c2nig
152,https://mp.weixin.qq.com/s/ObvjIgPMKKL5iAoTtm-U7Q
153,https://mp.weixin.qq.com/s/rAN8qAEMRdlTjx-NNZHhbw
154,https://mp.weixin.qq.com/s/M6uQMnE3HTLysTd8asMFug
155,https://app.cnchu.com/index.php/?m=content&c=index&a=show&catid=1&id=20870
156,https://mp.weixin.qq.com/s/B_bazUZ9hGT4H0jQfFGTIA
157,https://mp.weixin.qq.com/s/6SlwL-My3-Gzug438Efvjg
158,https://mp.weixin.qq.com/s?__biz=MjM5MTY2NjcwMA==&mid=2650726424&idx=3&sn=2c6b56fa1cb99b38ac3b996e603a7205&chksm=beb8477b89cfce6d7381a6310a48865e07a4b1368a4a33503a430019a7ecabc9928b86292f01&mpshare=1&scene=1&srcid=&sharer_sharetime=1580999780087&sharer_sh
159,http://m.xxcb.cn/event/changsha/2020-02-01/9120744.html
160,http://wjw.zhuzhou.gov.cn//c16689/20200201/i1429367.html
161,https://weibo.com/2288691440/IsDKqrSPR?sudaref=www.baidu.com&display=0&retcode=6102&type=comment#_rnd1581658287338
162,https://weibo.com/2288691440/IsDKqrSPR?sudaref=www.baidu.com&display=0&retcode=6102&type=comment#_rnd1581267634206
163,https://weibo.com/2288691440/IsDKqrSPR?sudaref=www.baidu.com&display=0&retcode=6102&type=comment#_rnd1581659477033
164,http://wjw.changde.gov.cn/zhdt/wjdt/content_718705
165,https://mp.weixin.qq.com/s?__biz=MjM5MTY2NjcwMA==&mid=2650726445&idx=4&sn=99a659794f0b902f7fa714a8e768eda3&chksm=beb8474e89cfce5816ed8ee9728216e40863957c339f562bedf80f21d2cc65962cf09e9a1f0d&mpshare=1&scene=1&srcid=&sharer_sharetime=1581052627542&sharer_sh
166,http://wjw.changde.gov.cn/zhdt/wjdt/content_718989
167,https://mp.weixin.qq.com/s/7QdFMJ-Z0ygdp-UxhasNdA
168,http://news.ldnews.cn/news/loudi/202002/621592.shtml
169,http://www.jl.gov.cn/szfzt/jlzxd/yqtb/202002/t20200204_6674931.html
170,https://mp.weixin.qq.com/s/oGMG1xFfaJ3dnUs_gPHLzg
171,https://mp.weixin.qq.com/s/r_Vi9_HbC-fEx9iAOhJiHA
172,https://mp.weixin.qq.com/s/AR9o0zlUzl0MGbU54CfWzQ
173,http://www.jl.gov.cn/szfzt/jlzxd/yqtb/202002/t20200208_6828726.html
174,http://www.jl.gov.cn/szfzt/jlzxd/yqtb/202002/t20200209_6829137.html
175,http://www.jl.gov.cn/szfzt/jlzxd/yqtb/202002/t20200207_6828199.html
176,http://www.jl.gov.cn/szfzt/jlzxd/yqtb/202002/t20200210_6829498.html
177,https://mp.weixin.qq.com/s/xjZGu-rYlfr_57JUC-yv9g
178,https://mp.weixin.qq.com/s/gb33Pz92gZiVFRe1hy0YyQ
179,http://wsjkw.jlsy.gov.cn/xwzx/jgdt/202002/t20200202_360033.html
180,http://www.jl.gov.cn/szfzt/jlzxd/yqtb/202002/t20200212_6836270.html
181,http://www.jl.gov.cn/szfzt/jlzxd/yqtb/202002/t20200213_6836775.html
182,http://wsjkw.jl.gov.cn/xwzx/xwfb/202002/t20200206_6827634.html
183,http://www.jiangmen.gov.cn/home/zwyw/content/post_1970234.html
184,http://wsjkj.zhuhai.gov.cn/zwgk/tzgg/content/post_2466822.html
185,http://wjw.hefei.gov.cn/ztzl/xxgzbdgrdfyyqfk/xxfb/17723463.html
186,http://wjw.hefei.gov.cn/ztzl/xxgzbdgrdfyyqfk/xxfb/17723955.html
187,http://www.jlcity.gov.cn/zt/qtzt/kjxgfy/tzgg/202002/t20200203_730660.html
