,url
0,https://mp.weixin.qq.com/s/HTsNM1zxEAx3IqoF1uYnYA
1,http://hc.nc.gov.cn/ncwjw/gzdt/202002/b5cf89720dbf4968850892328059db4c.shtml
2,http://m.ha.bendibao.com/mip/1636.shtm
3,http://news.gxnews.com.cn/staticpages/20200209/newgx5e3f4bbc-19247534-3.shtml
4,http://o.xiancity.cn/system/2020/02/09/030713354.shtml
5,http://sn.ifeng.com/a/20200209/8181674_0.shtml
6,http://sxwjw.shaanxi.gov.cn/art/2020/2/13/art_9_67993.html
7,http://sxwjw.shaanxi.gov.cn/art/2020/2/3/art_9_67666.html
8,http://sy.bendibao.com/news/202023/55857.shtm
9,http://wjw.gz.gov.cn/ztzl/xxfyyqfk/yqtb/content/post_5648584.html
10,http://wjw.gz.gov.cn/ztzl/xxfyyqfk/yqtb/content/post_5662091.html
11,http://wjw.nmg.gov.cn/doc/2020/02/01/286091.shtml
12,http://wjw.nmg.gov.cn/doc/2020/02/02/286191.shtml
13,http://wjw.nmg.gov.cn/doc/2020/02/09/291226.shtml
14,http://wjw.sz.gov.cn/yqxx/202002/t20200209_19006168.htm
15,http://wjw.taiyuan.gov.cn/doc/2020/02/07/955867.shtml
16,http://wjw.taiyuan.gov.cn/doc/2020/02/08/955916.shtml
17,http://wsjkw.sh.gov.cn/xwfb/20200208/f3882592b1144b558a13a5a9c4ac4a9f.html
18,http://www.wuzhong.gov.cn/ztzl/ztlb/kjyq/202001/t20200130_1936123.html
19,http://wx.hznews.com/data/hzby_2019-nCoV/index_bl.php
20,https://baijiahao.baidu.com/s?id=1657795127584927321&wfr=spider&for=pc
21,https://baijiahao.baidu.com/s?id=1658403541897422656&wfr=spider&for=pc
22,https://m.mp.oeeee.com/a/BAAFRD000020200203257514.html?layer=4&share=chat&isndappinstalled=12
23,https://m.mp.oeeee.com/a/BAAFRD000020200212262511.html
24,https://m.weibo.cn/2162541102/4469831778965414
25,https://m.weibo.cn/3757167087/4469821893163355
26,https://m.weibo.cn/3757167087/4471457452715962
27,https://m.weibo.cn/3757167087/4471458430201395
28,https://m.weibo.cn/detail/4468614512282405
29,https://mp.weixin.qq.com/s/03w_HdZGypbtAG33jikquw
30,https://mp.weixin.qq.com/s/0xihh12dgBBxbfozR6fnNg
31,https://mp.weixin.qq.com/s/0zzx4G3oUPQmzNk6JTTUzQ
32,https://mp.weixin.qq.com/s/15bQoiHzj8ABrnySvnEtQA
33,https://mp.weixin.qq.com/s/16ICfUi-Z2UMbbckkm0Xpw
34,https://mp.weixin.qq.com/s/1gv6bdr4kVBq4nUYOMqJHg
35,https://mp.weixin.qq.com/s/1l-RCQ_OfAMhOZZSmo2sDw
36,https://mp.weixin.qq.com/s/21pwvOkvunpCGf0F8UGsKQ
37,https://mp.weixin.qq.com/s/22zfhtcc5aqqWpt0anCVOQ
38,https://mp.weixin.qq.com/s/23fOSN0X3dT99e22m34Few
39,https://mp.weixin.qq.com/s/2COYPOACgINLbVZGLJ20pw
40,https://mp.weixin.qq.com/s/2HRalKs46VxIkbLMBBGbCA
41,https://mp.weixin.qq.com/s/2J9_3bKsljNLeVmFqY4rxQ
42,https://mp.weixin.qq.com/s/2ri05eGgAq5QHorGkz07sw
43,https://mp.weixin.qq.com/s/3_ru000m-BsCB3uAjbohAg
44,https://mp.weixin.qq.com/s/39apxV_xQLEu0MJ5ToE__g
45,https://mp.weixin.qq.com/s/3GBAMxcOz-brFl_7_soiXg
46,https://mp.weixin.qq.com/s/40KCQ1yZszq1b5OMNsRctg
47,https://mp.weixin.qq.com/s/4JrjMJc7lPDCFHXY3LFSeQ
48,https://mp.weixin.qq.com/s/4ofIalWCUGmYPNTPhiuiTg
49,https://mp.weixin.qq.com/s/53yB1QgwVerWm6riIRUV6A
50,https://mp.weixin.qq.com/s/6j-iL-tu6pxdC8q8srFvdA
51,https://mp.weixin.qq.com/s/6QQRQ2p1q9OSHHa85dJvpA
52,https://mp.weixin.qq.com/s/704BrIOuTkxkpuXdek9sXw
53,https://mp.weixin.qq.com/s/7aB-WIhbkljfsaO6in6cIw
54,https://mp.weixin.qq.com/s/7Odzuq-I-eqrHPwU9vEujQ
55,https://mp.weixin.qq.com/s/8g-ggBSz1IbIZJZOFVxn0A
56,https://mp.weixin.qq.com/s/92XTQRGQ4PLLM0yz9dgZHA
57,https://mp.weixin.qq.com/s/99IBrH7yBT2bi_k6CXWk1A
58,https://mp.weixin.qq.com/s/A1M0SLD-CJUegw0GAIlvEQ
59,https://mp.weixin.qq.com/s/A4_l39IRa-METFqXyLUaKw
60,https://mp.weixin.qq.com/s/AL2WfgREI1kR0MaUaP3yVA
61,https://mp.weixin.qq.com/s/ANsFtyEh-ThyG6bYF23Mdw
62,https://mp.weixin.qq.com/s/AtGvqHMpPj--woNeOVHqJg
63,https://mp.weixin.qq.com/s/aupP3RkGcLcJ3kcRTWIQSw
64,https://mp.weixin.qq.com/s/AuuQN67_9XRnT3v-YQ-6Kg
65,https://mp.weixin.qq.com/s/BbpXFJ_S_I2aHe8_BCqA3w
66,https://mp.weixin.qq.com/s/BEf8kNgXeQhxvmMjylOmgQ
67,https://mp.weixin.qq.com/s/bFw2DNyZr50uzgb7lYg2iw
68,https://mp.weixin.qq.com/s/BowMr0k90t8psMKEWMmshQ
69,https://mp.weixin.qq.com/s/BQk8wSVC6V4SLRp5A0BSDQ
70,https://mp.weixin.qq.com/s/brhYtrHRMv5rb_SYHoX3fA
71,https://mp.weixin.qq.com/s/BTBVokDLUFUBisFVrreTIg
72,https://mp.weixin.qq.com/s/byOBjYcuIE-ozN5-5j2NjQ
73,https://mp.weixin.qq.com/s/BzRmrot5EL4FRlANN3jPog
74,https://mp.weixin.qq.com/s/CCv9mOu-azDpGCngDnutWw
75,https://mp.weixin.qq.com/s/D_O9alCJ9kQNF9HzQovfpw
76,https://mp.weixin.qq.com/s/d0ChVGAE859JSuSQ4-yuwg
77,https://mp.weixin.qq.com/s/d9aurz1S2epuqAQy3ZL_hw
78,https://mp.weixin.qq.com/s/DclHoJStly7-_Uz_uk2LmA
79,https://mp.weixin.qq.com/s/DGeAhP_Mks4hJputXQK4_w
80,https://mp.weixin.qq.com/s/DNtuRvc9NM88eBEX61IpAQ
81,https://mp.weixin.qq.com/s/DWFNXijNXN0pQLZr2icG5A
82,https://mp.weixin.qq.com/s/eECI1S8obg-Vx11xTjggoA
83,https://mp.weixin.qq.com/s/EiKDu4VTdr4k8o2Uq5Fvcw
84,https://mp.weixin.qq.com/s/en5XMsElXu6JIs0UHd_lmA
85,https://mp.weixin.qq.com/s/F2RiiyzIE87ilYzlAZ0OOw
86,https://mp.weixin.qq.com/s/FEf_w5LyNb8-xXKA_T3e5g
87,https://mp.weixin.qq.com/s/feTfJCSFxyoufeEAks228w
88,https://mp.weixin.qq.com/s/fTiCuXTR8iCNPE0zX3gOrw
89,https://mp.weixin.qq.com/s/ftLPQ6l4nOIX7aRnrRSLCA
90,https://mp.weixin.qq.com/s/FYb03z5wslK1Wzzp1FiA5A
91,https://mp.weixin.qq.com/s/g5khDHYw8DsVIIlz9KlByg
92,https://mp.weixin.qq.com/s/g89sB9SZS0FSyD1B-bnwag
93,https://mp.weixin.qq.com/s/GA_mH8SwviTGaxiSdeHO2A
94,https://mp.weixin.qq.com/s/gd2P77m_DseuaCvzmHLwbg
95,https://mp.weixin.qq.com/s/GGeiv9zLDVP9t5CXddQAvw
96,https://mp.weixin.qq.com/s/gJ2GE_ihEoPaeQmY143dhA
97,https://mp.weixin.qq.com/s/gOIBYl1Hm1R7cQTlkVjyyw
98,https://mp.weixin.qq.com/s/gX82KJTHdwAbVgK6hADT9A
99,https://mp.weixin.qq.com/s/Hdz-Q-3Eig8VGsZJwzTNow
100,http://mp.weixin.qq.com/s?__biz=MzI3NDE1NTQ2NQ==&mid=2247484445&amp;idx=1&amp;sn=ebf7bd5008d7749ed6eed1ab839df87d&source=41#wechat_redirect
101,https://mp.weixin.qq.com/s/i5Qja8vQ7wmL65JhuRxS-g
102,https://mp.weixin.qq.com/s/I8W5RhgaVZE5pV9gf010Ew
103,https://mp.weixin.qq.com/s/IGaJ4Sz0Uc7ncxnG1lrtGg
104,https://mp.weixin.qq.com/s/Ilcw8gqTBS1mj2sL9y8BBw
105,https://mp.weixin.qq.com/s/i-OHNjnnHgRfODKlpUSYFg
106,https://mp.weixin.qq.com/s/iWJ6omQpWP3YwGkjPANq-Q
107,https://mp.weixin.qq.com/s/J8zMLEAWqq7PLh-y0yO7Tg
108,https://mp.weixin.qq.com/s/JaEaBvbW6dpw3M2LVmA-jw
109,https://mp.weixin.qq.com/s/JEGFaPaXbJCyg4L2Y5f2cA
110,https://mp.weixin.qq.com/s/jjFdgGdM_qILo5mLaZhylg
111,https://mp.weixin.qq.com/s/k6QZ28KFo3_9-Jvp2td2HA
112,https://mp.weixin.qq.com/s/KK1b85TfZg3OKob_s8ju0Q
113,https://mp.weixin.qq.com/s/L6UmSE1h35jGNX9nII7W1w
114,https://mp.weixin.qq.com/s/l7-4X1mqf191u1sKbwpwtg
115,https://mp.weixin.qq.com/s/LBJ9bWwWH3dIDgHbX3JrMA
116,https://mp.weixin.qq.com/s/ljO-jnuFaLY7dlay04vnQQ
117,https://mp.weixin.qq.com/s/L-kxyVWz2388nVMrHpNwSQ
118,https://mp.weixin.qq.com/s/LLeJqI0C3wg_XMJxptr6hA
119,https://mp.weixin.qq.com/s/MaIhftMbVTrBaslpSPNkuA
120,https://mp.weixin.qq.com/s/MJayWWtfMetX7uypjW34jA
121,https://mp.weixin.qq.com/s/MPkzfHNESrN7F8ZKCYob7Q
122,https://mp.weixin.qq.com/s/MpL6gwVXTxFjfOsBr2SqQg
123,https://mp.weixin.qq.com/s/nqSkq_C1SWyXwSoWH8Tl_Q
124,https://mp.weixin.qq.com/s/o8htUb-Eq0jI-18koz4JSA
125,https://mp.weixin.qq.com/s/oAp7a7J7b8ueznBiy6UfHw
126,https://mp.weixin.qq.com/s/O-d8n6f_AygAgNedh-sOoQ
127,https://mp.weixin.qq.com/s/oSfryyVX7e2CaDTyVRBR1A
128,https://mp.weixin.qq.com/s/p8FwAyaWqBQPQ9ExZNRunA
129,https://mp.weixin.qq.com/s/pAaXlR0Rc7IjTkrJ_nmOHw
130,https://mp.weixin.qq.com/s/pathagzfYVfG7rgn4fsehw
131,https://mp.weixin.qq.com/s/pCknNhnIW75e0cHBe54iyg
132,https://mp.weixin.qq.com/s/PxlQtWded0LAEHEEjPPQjQ
133,https://mp.weixin.qq.com/s/qMb78wvftwMT0Fx-fbgkVA
134,https://mp.weixin.qq.com/s/qnN8WIp6bdivLrcxn3kw8A
135,https://mp.weixin.qq.com/s/qQZ6QvNts9rpSWcPgDXZUA
136,https://mp.weixin.qq.com/s/qVcPv1s491KY6BfXb7BGDg
137,https://mp.weixin.qq.com/s/QVO-ku5SAFS5lGfrJ3tqvw
138,https://mp.weixin.qq.com/s/Rbni3MycgbIuiz5YgD2DCg
139,https://mp.weixin.qq.com/s/rfJiJIU49y8MmMJOXttxBw
140,https://mp.weixin.qq.com/s/S5JyC2E2Vn5XL0jcKkmBPg
141,https://mp.weixin.qq.com/s/sHZtvU0GD-sUbKT8lexYZA
142,https://mp.weixin.qq.com/s/SRElAd3cHRF5Z1yIJOeMYQ
143,https://mp.weixin.qq.com/s/T7W4z1YpykNltgM4Els3cw
144,https://mp.weixin.qq.com/s/tHvCXVKoe13lU2_EP935QQ
145,https://mp.weixin.qq.com/s/TndLruxymZlVFM7oT-tbmQ
146,https://mp.weixin.qq.com/s/tnX6pWa1ag-aA4zvjQh2Qg
147,https://mp.weixin.qq.com/s/TTppjI31ZGHP4nDiAueQZw
148,https://mp.weixin.qq.com/s/U019DW4SJCxW7RTcd9I1Iw
149,https://mp.weixin.qq.com/s/uaNlrAc-0-i_rMvYaAYVJA
150,https://mp.weixin.qq.com/s/UD8VFba4oRx4LLJm3cX7zw
151,https://mp.weixin.qq.com/s/uiBhG5cbibkaO3D2wSMrzA
152,https://mp.weixin.qq.com/s/UK7n7JRT9q4Qmmq0nVa7Yw
153,https://mp.weixin.qq.com/s/URJDtNlB8jOnsmdH17VjXA
154,https://mp.weixin.qq.com/s/v8_qO9NA0OZlohlo0sbCZg
155,https://mp.weixin.qq.com/s/VCPYIcswFYrXKMT_iAo4sQ
156,https://mp.weixin.qq.com/s/VHyCUTBLdswJUs4v94gCGg
157,https://mp.weixin.qq.com/s/VlmSYauI8yaDuegXGATg1A
158,https://mp.weixin.qq.com/s/VlptYBqxOilNbokYmgAq3w
159,https://mp.weixin.qq.com/s/vyMK9XAfBREa6c7KkQZE_g
160,https://mp.weixin.qq.com/s/W9Iqq_rF4D9qHfI91nC0MQ
161,https://mp.weixin.qq.com/s/WBkYAkadMMy8qkjvZeTbyQ
162,https://mp.weixin.qq.com/s/wpsNrPfHKhGECppcmODvAA
163,https://mp.weixin.qq.com/s/X4CKfM-zAvmJTCi_4I-bVg
164,https://mp.weixin.qq.com/s/XLC_oAGCkfZ-9QZiN7dyFw
165,https://mp.weixin.qq.com/s/xPkUySDb9RVh1fWlcQLwGQ
166,https://mp.weixin.qq.com/s/xSgycy4VCvOdSGZl_lWrrw
167,https://mp.weixin.qq.com/s/xYVXdohY_4acdQTniOGWUA
168,https://mp.weixin.qq.com/s/Y43irqUbONn5cePk8zDMVA
169,https://mp.weixin.qq.com/s/y9lpITTKuZivPJB9l55ORg
170,https://mp.weixin.qq.com/s/yB_kxKjAEYVn9MR8PyRCZg
171,http://mp.weixin.qq.com/s?__biz=MzI3NDE1NTQ2NQ==&mid=2247484446&amp;idx=1&amp;sn=5f25018ebb33ed447c1f15635b3c06da&source=41#wechat_redirect
172,https://mp.weixin.qq.com/s/YfzMmv1vUZyiphWUgzOLlA
173,https://mp.weixin.qq.com/s/YgLkGhE1VlX6oQWl9nqyMg
174,https://mp.weixin.qq.com/s/YLSR_0NXJ5LUg6LWGW_aDg
175,https://mp.weixin.qq.com/s/yq4IcgXi4vxQxO3UBYOZ-A
176,https://mp.weixin.qq.com/s/yT_I4r6Sc2K3O7-3iAl-mA
177,https://mp.weixin.qq.com/s/yyeefgne4StL6ZH9mRh80Q
178,https://mp.weixin.qq.com/s/z1mVzAvyEoNiS2s0jsIgQw
179,https://mp.weixin.qq.com/s/zOGzJVviegMaLRE8tuiLRw
180,https://weibo.com/7129811001/IrH6peQ3d?from=page_1002067129811001_profile&wvr=6&mod=weibotime&type=comment#_rnd1581676880432
181,https://weibo.com/7129811001/IssWHlJzw?from=page_1002067129811001_profile&wvr=6&mod=weibotime&type=comment
182,https://weibo.com/7129811001/ItKAzr93p?from=page_1002067129811001_profile&wvr=6&mod=weibotime&type=comment#_rnd1581676145115
183,https://www.tibet3.com/news/zangqu/qh/2020-02-04/149341.html
184,http://wjw.shanxi.gov.cn/wjywl02/24757.hrh
185,http://wjw.shanxi.gov.cn/wjywl02/24774.hrh
186,https://www.sg.gov.cn/xw/ztjj/yqfkyz/zxyq/content/post_1754923.html
187,https://www.sg.gov.cn/xw/ztjj/yqfkyz/zxyq/content/post_1756096.html
188,https://www.sg.gov.cn/xw/ztjj/yqfkyz/zxyq/content/post_1760064.html
